No.,Tahun,BA K/L,Kode Temuan,Jenis Temuan,Penjelasan,Nilai Temuan (Rp)
1,2018,5,1,PNBP terlambat/belum disetor ke Kas Negara,,169352224 
2,2018,18,1,PNBP terlambat/belum disetor ke Kas Negara,,6895038806 
3,2018,20,1,PNBP terlambat/belum disetor ke Kas Negara,,415600000 
4,2018,23,1,PNBP terlambat/belum disetor ke Kas Negara,,659793400 
5,2018,24,1,PNBP terlambat/belum disetor ke Kas Negara,,1192730663 
6,2018,25,1,PNBP terlambat/belum disetor ke Kas Negara,,15482218290 
7,2018,29,1,PNBP terlambat/belum disetor ke Kas Negara,,9986812964 
8,2018,32,1,PNBP terlambat/belum disetor ke Kas Negara,,1162030230 
9,2018,41,1,PNBP terlambat/belum disetor ke Kas Negara,,1835029708 
10,2018,57,1,PNBP terlambat/belum disetor ke Kas Negara,,304160000 
11,2018,84,1,PNBP terlambat/belum disetor ke Kas Negara,,377497554 
12,2018,5,1,PNBP terlambat/belum disetor ke Kas Negara,,194611132 
13,2018,23,1,PNBP terlambat/belum disetor ke Kas Negara,,1761323890 
14,2018,24,1,PNBP terlambat/belum disetor ke Kas Negara,,0 
15,2018,24,1,PNBP terlambat/belum disetor ke Kas Negara,,504850000 
16,2018,25,1,PNBP terlambat/belum disetor ke Kas Negara,,177194937 
17,2018,27,1,PNBP terlambat/belum disetor ke Kas Negara,,878300000 
18,2018,60,1,PNBP terlambat/belum disetor ke Kas Negara,,4891764894 
19,2018,5,2,PNBP kurang pungut,,20783635 
20,2018,5,2,PNBP kurang pungut,,915595 
21,2018,18,2,PNBP kurang pungut,,274316432 
22,2018,20,2,PNBP kurang pungut,,0 
23,2018,25,2,PNBP kurang pungut,,657635000 
24,2018,59,2,PNBP kurang pungut,,131035000 
25,2018,64,2,PNBP kurang pungut,,10931090 
26,2018,112,2,PNBP kurang pungut,,119722777 
27,2018,112,2,PNBP kurang pungut,,203332121 
28,2018,10,3,PNBP tidak dipungut,,0 
29,2018,23,3,PNBP tidak dipungut,,61512667 
30,2018,25,3,PNBP tidak dipungut,,0 
31,2018,33,3,PNBP tidak dipungut,,15001500000 
32,2018,44,3,PNBP tidak dipungut,,258211857 
33,2018,44,3,PNBP tidak dipungut,,2949462042 
34,2018,57,3,PNBP tidak dipungut,,0 
35,2018,75,3,PNBP tidak dipungut,,708374632 
36,2018,81,3,PNBP tidak dipungut,,982081781 
37,2018,81,3,PNBP tidak dipungut,,1124083676 
38,2018,112,3,PNBP tidak dipungut,,64766735 
39,2018,23,4,Pungutan yang belum memiliki dasar hukum dan digunakan langsung ,,327188834 
40,2018,24,4,Pungutan yang belum memiliki dasar hukum dan digunakan langsung ,,200323900 
41,2018,24,4,Pungutan yang belum memiliki dasar hukum dan digunakan langsung ,,33400000 
42,2018,25,4,Pungutan yang belum memiliki dasar hukum dan digunakan langsung ,,27604593681 
43,2018,27,4,Pungutan yang belum memiliki dasar hukum dan digunakan langsung ,,96784152 
44,2018,79,4,Pungutan yang belum memiliki dasar hukum dan digunakan langsung ,,551582900 
45,2018,118,4,Pungutan yang belum memiliki dasar hukum dan digunakan langsung ,,0 
46,2018,118,4,Pungutan yang belum memiliki dasar hukum dan digunakan langsung ,,3080000 
47,2018,18,5,Pungutan yang telah memiliki dasar hukum dan digunakan langsung ,,24000000 
48,2018,23,5,Pungutan yang telah memiliki dasar hukum dan digunakan langsung ,,46795000 
49,2018,57,5,Pungutan yang telah memiliki dasar hukum dan digunakan langsung ,,395020000 
50,2018,79,5,Pungutan yang telah memiliki dasar hukum dan digunakan langsung ,,635879000 
51,2018,116,5,Pungutan yang telah memiliki dasar hukum dan digunakan langsung ,,13000000 
52,2018,116,5,Pungutan yang telah memiliki dasar hukum dan digunakan langsung ,,33600000 
53,2018,1,6,Permasalahan lainnya terkait PNBP,,108822606 
54,2018,18,6,Permasalahan lainnya terkait PNBP,,0 
55,2018,18,6,Permasalahan lainnya terkait PNBP,,0 
56,2018,18,6,Permasalahan lainnya terkait PNBP,,585916913 
57,2018,18,6,Permasalahan lainnya terkait PNBP,,0 
58,2018,20,6,Permasalahan lainnya terkait PNBP,,370016100 
59,2018,20,6,Permasalahan lainnya terkait PNBP,,0 
60,2018,20,6,Permasalahan lainnya terkait PNBP,,0 
61,2018,23,6,Permasalahan lainnya terkait PNBP,,0 
62,2018,24,6,Permasalahan lainnya terkait PNBP,,3658007118 
63,2018,25,6,Permasalahan lainnya terkait PNBP,,0 
64,2018,25,6,Permasalahan lainnya terkait PNBP,,0 
65,2018,25,6,Permasalahan lainnya terkait PNBP,,1405467060 
66,2018,25,6,Permasalahan lainnya terkait PNBP,,0 
67,2018,25,6,Permasalahan lainnya terkait PNBP,,0 
68,2018,25,6,Permasalahan lainnya terkait PNBP,,0 
69,2018,26,6,Permasalahan lainnya terkait PNBP,,0 
70,2018,26,6,Permasalahan lainnya terkait PNBP,,0 
71,2018,27,6,Permasalahan lainnya terkait PNBP,,56595000 
72,2018,29,6,Permasalahan lainnya terkait PNBP,,295965837 
73,2018,29,6,Permasalahan lainnya terkait PNBP,,0 
74,2018,32,6,Permasalahan lainnya terkait PNBP,,653465058 
75,2018,32,6,Permasalahan lainnya terkait PNBP,,0 
76,2018,32,6,Permasalahan lainnya terkait PNBP,,3509979796 
77,2018,33,6,Permasalahan lainnya terkait PNBP,,2309534237 
78,2018,40,6,Permasalahan lainnya terkait PNBP,,0 
79,2018,41,6,Permasalahan lainnya terkait PNBP,,0 
80,2018,57,6,Permasalahan lainnya terkait PNBP,,0 
81,2018,57,6,Permasalahan lainnya terkait PNBP,,0 
82,2018,59,6,Permasalahan lainnya terkait PNBP,,0 
83,2018,59,6,Permasalahan lainnya terkait PNBP,,0 
84,2018,59,6,Permasalahan lainnya terkait PNBP,,0 
85,2018,59,6,Permasalahan lainnya terkait PNBP,,0 
86,2018,59,6,Permasalahan lainnya terkait PNBP,,0 
87,2018,59,6,Permasalahan lainnya terkait PNBP,,0 
88,2018,59,6,Permasalahan lainnya terkait PNBP,,0 
89,2018,59,6,Permasalahan lainnya terkait PNBP,,0 
90,2018,59,6,Permasalahan lainnya terkait PNBP,,0 
91,2018,60,6,Permasalahan lainnya terkait PNBP,,0 
92,2018,63,6,Permasalahan lainnya terkait PNBP,,0 
93,2018,63,6,Permasalahan lainnya terkait PNBP,,0 
94,2018,63,6,Permasalahan lainnya terkait PNBP,,3955000 
95,2018,63,6,Permasalahan lainnya terkait PNBP,,13905000 
96,2018,63,6,Permasalahan lainnya terkait PNBP,,0 
97,2018,63,6,Permasalahan lainnya terkait PNBP,,0 
98,2018,63,6,Permasalahan lainnya terkait PNBP,,0 
99,2018,63,6,Permasalahan lainnya terkait PNBP,,0 
100,2018,63,6,Permasalahan lainnya terkait PNBP,,23400000 
101,2018,78,6,Permasalahan lainnya terkait PNBP,,0 
102,2018,79,6,Permasalahan lainnya terkait PNBP,,0 
103,2018,79,6,Permasalahan lainnya terkait PNBP,,0 
104,2018,80,6,Permasalahan lainnya terkait PNBP,,0 
105,2018,80,6,Permasalahan lainnya terkait PNBP,,0 
106,2018,80,6,Permasalahan lainnya terkait PNBP,,0 
107,2018,80,6,Permasalahan lainnya terkait PNBP,,0 
108,2018,80,6,Permasalahan lainnya terkait PNBP,,0 
109,2018,80,6,Permasalahan lainnya terkait PNBP,,4200000 
110,2018,81,6,Permasalahan lainnya terkait PNBP,,1251663835 
111,2018,81,6,Permasalahan lainnya terkait PNBP,,0 
112,2018,81,6,Permasalahan lainnya terkait PNBP,,158010570 
113,2018,82,6,Permasalahan lainnya terkait PNBP,,0 
114,2018,86,6,Permasalahan lainnya terkait PNBP,,0 
115,2018,86,6,Permasalahan lainnya terkait PNBP,,0 
116,2018,88,6,Permasalahan lainnya terkait PNBP,,308788000 
117,2018,89,6,Permasalahan lainnya terkait PNBP,,0 
118,2018,92,6,Permasalahan lainnya terkait PNBP,,25400000000 
119,2018,92,6,Permasalahan lainnya terkait PNBP,,2299199476 
120,2018,112,6,Permasalahan lainnya terkait PNBP,,0 
121,2018,112,6,Permasalahan lainnya terkait PNBP,,34800952582 
122,2018,112,6,Permasalahan lainnya terkait PNBP,,471960000 
123,2018,112,6,Permasalahan lainnya terkait PNBP,,41400000 
124,2018,112,6,Permasalahan lainnya terkait PNBP,,175000000000 
125,2018,116,6,Permasalahan lainnya terkait PNBP,,0 
126,2018,116,6,Permasalahan lainnya terkait PNBP,,33600000 
127,2018,116,6,Permasalahan lainnya terkait PNBP,,0 
128,2018,116,6,Permasalahan lainnya terkait PNBP,,0 
129,2018,117,6,Permasalahan lainnya terkait PNBP,,0 
130,2018,117,6,Permasalahan lainnya terkait PNBP,,57215000 
131,2018,117,6,Permasalahan lainnya terkait PNBP,,0 
132,2018,117,6,Permasalahan lainnya terkait PNBP,,0 
133,2018,117,6,Permasalahan lainnya terkait PNBP,,0 
134,2018,118,6,Permasalahan lainnya terkait PNBP,,37534718 
135,2018,118,6,Permasalahan lainnya terkait PNBP,,486866259 
136,2018,118,6,Permasalahan lainnya terkait PNBP,,0 
137,2018,118,6,Permasalahan lainnya terkait PNBP,,0 
138,2018,118,6,Permasalahan lainnya terkait PNBP,,0 
139,2019,2,1,PNBP terlambat/belum disetor ke Kas Negara,,0 
140,2019,10,1,PNBP terlambat/belum disetor ke Kas Negara,,0 
141,2019,11,1,PNBP terlambat/belum disetor ke Kas Negara,,0 
142,2019,19,1,PNBP terlambat/belum disetor ke Kas Negara,,723682304 
143,2019,23,1,PNBP terlambat/belum disetor ke Kas Negara,,1066292350 
144,2019,25,1,PNBP terlambat/belum disetor ke Kas Negara,,5308989575 
145,2019,27,1,PNBP terlambat/belum disetor ke Kas Negara,,4924915300 
146,2019,33,1,PNBP terlambat/belum disetor ke Kas Negara,,4641754000 
147,2019,33,1,PNBP terlambat/belum disetor ke Kas Negara,,325169000 
148,2019,41,1,PNBP terlambat/belum disetor ke Kas Negara,,0 
149,2019,42,1,PNBP terlambat/belum disetor ke Kas Negara,,100400825 
150,2019,67,1,PNBP terlambat/belum disetor ke Kas Negara,,0 
151,2019,79,1,PNBP terlambat/belum disetor ke Kas Negara,,698958000 
152,2019,88,1,PNBP terlambat/belum disetor ke Kas Negara,,15312000 
153,2019,112,1,PNBP terlambat/belum disetor ke Kas Negara,,133889000 
154,2019,6,1,PNBP terlambat/belum disetor ke Kas Negara,,1662671000 
155,2019,10,1,PNBP terlambat/belum disetor ke Kas Negara,,313324500 
156,2019,10,1,PNBP terlambat/belum disetor ke Kas Negara,,4716981000 
157,2019,11,1,PNBP terlambat/belum disetor ke Kas Negara,,0 
158,2019,12,1,PNBP terlambat/belum disetor ke Kas Negara,,11644300579 
159,2019,25,1,PNBP terlambat/belum disetor ke Kas Negara,,348144236 
160,2019,27,1,PNBP terlambat/belum disetor ke Kas Negara,,769565835 
161,2019,33,1,PNBP terlambat/belum disetor ke Kas Negara,,69892500 
162,2019,33,1,PNBP terlambat/belum disetor ke Kas Negara,,3397001608 
163,2019,33,1,PNBP terlambat/belum disetor ke Kas Negara,,5126289448 
164,2019,92,1,PNBP terlambat/belum disetor ke Kas Negara,,5250000 
165,2019,93,1,PNBP terlambat/belum disetor ke Kas Negara,,5476319546 
166,2019,7,2,PNBP kurang pungut,,289568475 
167,2019,11,2,PNBP kurang pungut,,110005726 
168,2019,23,2,PNBP kurang pungut,,1655405000 
169,2019,25,2,PNBP kurang pungut,,2121459826 
170,2019,25,2,PNBP kurang pungut,,535000000 
171,2019,32,2,PNBP kurang pungut,,675600000 
172,2019,33,2,PNBP kurang pungut,,156317000 
173,2019,33,2,PNBP kurang pungut,,18950000 
174,2019,42,2,PNBP kurang pungut,,122000474 
175,2019,42,2,PNBP kurang pungut,,2419254530 
176,2019,42,2,PNBP kurang pungut,,448400000 
177,2019,54,2,PNBP kurang pungut,,0 
178,2019,112,2,PNBP kurang pungut,,11664484307 
179,2019,112,2,PNBP kurang pungut,,185060068 
180,2019,6,3,PNBP tidak dipungut,,5544944500 
181,2019,7,3,PNBP tidak dipungut,,276333010 
182,2019,11,3,PNBP tidak dipungut,,0 
183,2019,18,3,PNBP tidak dipungut,,1159744301 
184,2019,18,3,PNBP tidak dipungut,,473032844 
185,2019,22,3,PNBP tidak dipungut,,1095755840 
186,2019,24,3,PNBP tidak dipungut,,0 
187,2019,25,3,PNBP tidak dipungut,,101550000 
188,2019,29,3,PNBP tidak dipungut,,1963629642 
189,2019,33,3,PNBP tidak dipungut,,36515269 
190,2019,33,3,PNBP tidak dipungut,,5808770 
191,2019,42,3,PNBP tidak dipungut,,0 
192,2019,86,3,PNBP tidak dipungut,,26750000 
193,2019,92,3,PNBP tidak dipungut,,8500000 
194,2019,112,3,PNBP tidak dipungut,,151000000000 
195,2019,112,3,PNBP tidak dipungut,,1147279500 
196,2019,112,3,PNBP tidak dipungut,,331157849 
197,2019,112,3,PNBP tidak dipungut,,607158000 
198,2019,6,4,Pungutan yang belum memiliki dasar hukum dan digunakan langsung ,,261634970 
199,2019,23,4,Pungutan yang belum memiliki dasar hukum dan digunakan langsung ,,18078513663 
200,2019,25,4,Pungutan yang belum memiliki dasar hukum dan digunakan langsung ,,15040153567 
201,2019,25,4,Pungutan yang belum memiliki dasar hukum dan digunakan langsung ,,0 
202,2019,42,4,Pungutan yang belum memiliki dasar hukum dan digunakan langsung ,,72417500 
203,2019,67,4,Pungutan yang belum memiliki dasar hukum dan digunakan langsung ,,222750000 
204,2019,79,4,Pungutan yang belum memiliki dasar hukum dan digunakan langsung ,,485792568 
205,2019,119,4,Pungutan yang belum memiliki dasar hukum dan digunakan langsung ,,1478418500 
206,2019,119,4,Pungutan yang belum memiliki dasar hukum dan digunakan langsung ,,598300000 
207,2019,119,4,Pungutan yang belum memiliki dasar hukum dan digunakan langsung ,,266891750 
208,2019,12,5,Pungutan yang telah memiliki dasar hukum dan digunakan langsung ,,13390670926 
209,2019,25,5,Pungutan yang telah memiliki dasar hukum dan digunakan langsung ,,0 
210,2019,32,5,Pungutan yang telah memiliki dasar hukum dan digunakan langsung ,,0 
211,2019,33,5,Pungutan yang telah memiliki dasar hukum dan digunakan langsung ,,387213000 
212,2019,42,5,Pungutan yang telah memiliki dasar hukum dan digunakan langsung ,,134000000000 
213,2019,57,5,Pungutan yang telah memiliki dasar hukum dan digunakan langsung ,,578500000 
214,2019,88,5,Pungutan yang telah memiliki dasar hukum dan digunakan langsung ,,25260000 
215,2019,92,5,Pungutan yang telah memiliki dasar hukum dan digunakan langsung ,,66027000 
216,2019,92,5,Pungutan yang telah memiliki dasar hukum dan digunakan langsung ,,332350000 
217,2019,92,5,Pungutan yang telah memiliki dasar hukum dan digunakan langsung ,,129000000 
218,2019,5,6,Permasalahan lainnya terkait PNBP,,0 
219,2019,7,6,Permasalahan lainnya terkait PNBP,,0 
220,2019,7,6,Permasalahan lainnya terkait PNBP,,0 
221,2019,7,6,Permasalahan lainnya terkait PNBP,,0 
222,2019,7,6,Permasalahan lainnya terkait PNBP,,21172798 
223,2019,11,6,Permasalahan lainnya terkait PNBP,,420936777 
224,2019,11,6,Permasalahan lainnya terkait PNBP,,0 
225,2019,11,6,Permasalahan lainnya terkait PNBP,,0 
226,2019,10,6,Permasalahan lainnya terkait PNBP,,227500000 
227,2019,10,6,Permasalahan lainnya terkait PNBP,,906450000 
228,2019,10,6,Permasalahan lainnya terkait PNBP,,0 
229,2019,15,6,Permasalahan lainnya terkait PNBP,,0 
230,2019,18,6,Permasalahan lainnya terkait PNBP,,750802261 
231,2019,19,6,Permasalahan lainnya terkait PNBP,,0 
232,2019,20,6,Permasalahan lainnya terkait PNBP,,0 
233,2019,20,6,Permasalahan lainnya terkait PNBP,,0 
234,2019,20,6,Permasalahan lainnya terkait PNBP,,0 
235,2019,20,6,Permasalahan lainnya terkait PNBP,,0 
236,2019,20,6,Permasalahan lainnya terkait PNBP,,0 
237,2019,20,6,Permasalahan lainnya terkait PNBP,,0 
238,2019,20,6,Permasalahan lainnya terkait PNBP,,1401589177 
239,2019,20,6,Permasalahan lainnya terkait PNBP,,693200611 
240,2019,20,6,Permasalahan lainnya terkait PNBP,,0 
241,2019,20,6,Permasalahan lainnya terkait PNBP,,0 
242,2019,20,6,Permasalahan lainnya terkait PNBP,,0 
243,2019,20,6,Permasalahan lainnya terkait PNBP,,171000000000 
244,2019,20,6,Permasalahan lainnya terkait PNBP,,0 
245,2019,20,6,Permasalahan lainnya terkait PNBP,,0 
246,2019,20,6,Permasalahan lainnya terkait PNBP,,0 
247,2019,22,6,Permasalahan lainnya terkait PNBP,,139881575 
248,2019,23,6,Permasalahan lainnya terkait PNBP,,0 
249,2019,23,6,Permasalahan lainnya terkait PNBP,,0 
250,2019,23,6,Permasalahan lainnya terkait PNBP,,0 
251,2019,23,6,Permasalahan lainnya terkait PNBP,,0 
252,2019,23,6,Permasalahan lainnya terkait PNBP,,1260592905 
253,2019,23,6,Permasalahan lainnya terkait PNBP,,0 
254,2019,24,6,Permasalahan lainnya terkait PNBP,,0 
255,2019,24,6,Permasalahan lainnya terkait PNBP,,0 
256,2019,24,6,Permasalahan lainnya terkait PNBP,,4590160520 
257,2019,24,6,Permasalahan lainnya terkait PNBP,,6875000 
258,2019,24,6,Permasalahan lainnya terkait PNBP,,452700000 
259,2019,24,6,Permasalahan lainnya terkait PNBP,,81832979 
260,2019,24,6,Permasalahan lainnya terkait PNBP,,77313420 
261,2019,24,6,Permasalahan lainnya terkait PNBP,,575690619 
262,2019,24,6,Permasalahan lainnya terkait PNBP,,176099500 
263,2019,25,6,Permasalahan lainnya terkait PNBP,,0 
264,2019,25,6,Permasalahan lainnya terkait PNBP,,1194000000 
265,2019,25,6,Permasalahan lainnya terkait PNBP,,0 
266,2019,25,6,Permasalahan lainnya terkait PNBP,,0 
267,2019,27,6,Permasalahan lainnya terkait PNBP,,166692772 
268,2019,27,6,Permasalahan lainnya terkait PNBP,,0 
269,2019,29,6,Permasalahan lainnya terkait PNBP,,0 
270,2019,29,6,Permasalahan lainnya terkait PNBP,,0 
271,2019,29,6,Permasalahan lainnya terkait PNBP,,0 
272,2019,29,6,Permasalahan lainnya terkait PNBP,,183053474 
273,2019,42,6,Permasalahan lainnya terkait PNBP,,0 
274,2019,42,6,Permasalahan lainnya terkait PNBP,,0 
275,2019,42,6,Permasalahan lainnya terkait PNBP,,0 
276,2019,56,6,Permasalahan lainnya terkait PNBP,,0 
277,2019,56,6,Permasalahan lainnya terkait PNBP,,0 
278,2019,56,6,Permasalahan lainnya terkait PNBP,,0 
279,2019,56,6,Permasalahan lainnya terkait PNBP,,0 
280,2019,56,6,Permasalahan lainnya terkait PNBP,,0 
281,2019,56,6,Permasalahan lainnya terkait PNBP,,0 
282,2019,56,6,Permasalahan lainnya terkait PNBP,,2617155000 
283,2019,56,6,Permasalahan lainnya terkait PNBP,,0 
284,2019,56,6,Permasalahan lainnya terkait PNBP,,0 
285,2019,56,6,Permasalahan lainnya terkait PNBP,,400000 
286,2019,64,6,Permasalahan lainnya terkait PNBP,,25175000 
287,2019,75,6,Permasalahan lainnya terkait PNBP,,0 
288,2019,75,6,Permasalahan lainnya terkait PNBP,,0 
289,2019,75,6,Permasalahan lainnya terkait PNBP,,0 
290,2019,75,6,Permasalahan lainnya terkait PNBP,,0 
291,2019,75,6,Permasalahan lainnya terkait PNBP,,0 
292,2019,80,6,Permasalahan lainnya terkait PNBP,,0 
293,2019,80,6,Permasalahan lainnya terkait PNBP,,0 
294,2019,85,6,Permasalahan lainnya terkait PNBP,,0 
295,2019,86,6,Permasalahan lainnya terkait PNBP,,0 
296,2019,89,6,Permasalahan lainnya terkait PNBP,,0 
297,2019,116,6,Permasalahan lainnya terkait PNBP,,0 
298,2019,116,6,Permasalahan lainnya terkait PNBP,,0 
299,2019,116,6,Permasalahan lainnya terkait PNBP,,0 
300,2019,117,6,Permasalahan lainnya terkait PNBP,,541055715 
301,2019,118,6,Permasalahan lainnya terkait PNBP,,43070668 
302,2019,118,6,Permasalahan lainnya terkait PNBP,,348767037 
303,2020,2,1,PNBP terlambat/belum disetor ke Kas Negara,,0 
304,2020,12,1,PNBP terlambat/belum disetor ke Kas Negara,,33596790451 
305,2020,23,1,PNBP terlambat/belum disetor ke Kas Negara,,309348220 
306,2020,23,1,PNBP terlambat/belum disetor ke Kas Negara,,1045740496 
307,2020,32,1,PNBP terlambat/belum disetor ke Kas Negara,,2086101685 
308,2020,33,1,PNBP terlambat/belum disetor ke Kas Negara,,2141362500 
309,2020,80,1,PNBP terlambat/belum disetor ke Kas Negara,,19245600 
310,2020,81,1,PNBP terlambat/belum disetor ke Kas Negara,,13830023456 
311,2020,89,1,PNBP terlambat/belum disetor ke Kas Negara,,0 
312,2020,92,1,PNBP terlambat/belum disetor ke Kas Negara,,143950000 
313,2020,6,1,PNBP terlambat/belum disetor ke Kas Negara,,757153000 
314,2020,32,1,PNBP terlambat/belum disetor ke Kas Negara,,491381033 
315,2020,33,1,PNBP terlambat/belum disetor ke Kas Negara,,3228161188 
316,2020,33,1,PNBP terlambat/belum disetor ke Kas Negara,,369751727 
317,2020,33,1,PNBP terlambat/belum disetor ke Kas Negara,,513998232 
318,2020,33,1,PNBP terlambat/belum disetor ke Kas Negara,,95627223 
319,2020,118,1,PNBP terlambat/belum disetor ke Kas Negara,,12065777 
320,2020,12,2,PNBP kurang pungut,,23706379950 
321,2020,15,2,PNBP kurang pungut,,297558760 
322,2020,23,2,PNBP kurang pungut,,113918425 
323,2020,23,2,PNBP kurang pungut,,998980000 
324,2020,23,2,PNBP kurang pungut,,0 
325,2020,29,2,PNBP kurang pungut,,99960000 
326,2020,33,2,PNBP kurang pungut,,10985874654 
327,2020,40,2,PNBP kurang pungut,,0 
328,2020,40,2,PNBP kurang pungut,,0 
329,2020,54,2,PNBP kurang pungut,,8370000 
330,2020,77,2,PNBP kurang pungut,,93933587 
331,2020,112,2,PNBP kurang pungut,,247839700 
332,2020,117,2,PNBP kurang pungut,,70451333 
333,2020,7,3,PNBP tidak dipungut,,218197091 
334,2020,10,3,PNBP tidak dipungut,,31836360 
335,2020,23,3,PNBP tidak dipungut,,0 
336,2020,23,3,PNBP tidak dipungut,,0 
337,2020,32,3,PNBP tidak dipungut,,45381696 
338,2020,33,3,PNBP tidak dipungut,,18180407 
339,2020,40,3,PNBP tidak dipungut,,0 
340,2020,80,3,PNBP tidak dipungut,,6247300 
341,2020,81,3,PNBP tidak dipungut,,0 
342,2020,92,3,PNBP tidak dipungut,,177000000 
343,2020,112,3,PNBP tidak dipungut,,328280000 
344,2020,112,3,PNBP tidak dipungut,,2728775186 
345,2020,117,3,PNBP tidak dipungut,,320629720 
346,2020,12,4,Pungutan yang belum memiliki dasar hukum dan digunakan langsung ,,6256533111 
347,2020,92,4,Pungutan yang belum memiliki dasar hukum dan digunakan langsung ,,62150000 
348,2020,117,4,Pungutan yang belum memiliki dasar hukum dan digunakan langsung ,,6950000 
349,2020,12,5,Pungutan yang telah memiliki dasar hukum dan digunakan langsung ,,91220990681 
350,2020,23,5,Pungutan yang telah memiliki dasar hukum dan digunakan langsung ,,108000000000 
351,2020,6,6,Permasalahan lainnya terkait PNBP,,0 
352,2020,7,6,Permasalahan lainnya terkait PNBP,,0 
353,2020,10,6,Permasalahan lainnya terkait PNBP,,0 
354,2020,10,6,Permasalahan lainnya terkait PNBP,,0 
355,2020,11,6,Permasalahan lainnya terkait PNBP,,0 
356,2020,11,6,Permasalahan lainnya terkait PNBP,,0 
357,2020,11,6,Permasalahan lainnya terkait PNBP,,357293755 
358,2020,12,6,Permasalahan lainnya terkait PNBP,,0 
359,2020,12,6,Permasalahan lainnya terkait PNBP,,0 
360,2020,12,6,Permasalahan lainnya terkait PNBP,,0 
361,2020,15,6,Permasalahan lainnya terkait PNBP,,0 
362,2020,15,6,Permasalahan lainnya terkait PNBP,,0 
363,2020,19,6,Permasalahan lainnya terkait PNBP,,0 
364,2020,20,6,Permasalahan lainnya terkait PNBP,,6130000000000 
365,2020,20,6,Permasalahan lainnya terkait PNBP,,948943820 
366,2020,20,6,Permasalahan lainnya terkait PNBP,,0 
367,2020,20,6,Permasalahan lainnya terkait PNBP,,0 
368,2020,20,6,Permasalahan lainnya terkait PNBP,,0 
369,2020,20,6,Permasalahan lainnya terkait PNBP,,1280000000000 
370,2020,20,6,Permasalahan lainnya terkait PNBP,,92083726252 
371,2020,20,6,Permasalahan lainnya terkait PNBP,,0 
372,2020,20,6,Permasalahan lainnya terkait PNBP,,0 
373,2020,23,6,Permasalahan lainnya terkait PNBP,,4327979542 
374,2020,23,6,Permasalahan lainnya terkait PNBP,,8017267 
375,2020,23,6,Permasalahan lainnya terkait PNBP,,2170701440 
376,2020,23,6,Permasalahan lainnya terkait PNBP,,0 
377,2020,23,6,Permasalahan lainnya terkait PNBP,,0 
378,2020,23,6,Permasalahan lainnya terkait PNBP,,995005000 
379,2020,23,6,Permasalahan lainnya terkait PNBP,,455158113 
380,2020,24,6,Permasalahan lainnya terkait PNBP,,0 
381,2020,24,6,Permasalahan lainnya terkait PNBP,,0 
382,2020,24,6,Permasalahan lainnya terkait PNBP,,0 
383,2020,24,6,Permasalahan lainnya terkait PNBP,,0 
384,2020,24,6,Permasalahan lainnya terkait PNBP,,0 
385,2020,24,6,Permasalahan lainnya terkait PNBP,,0 
386,2020,24,6,Permasalahan lainnya terkait PNBP,,0 
387,2020,24,6,Permasalahan lainnya terkait PNBP,,0 
388,2020,24,6,Permasalahan lainnya terkait PNBP,,0 
389,2020,24,6,Permasalahan lainnya terkait PNBP,,0 
390,2020,24,6,Permasalahan lainnya terkait PNBP,,0 
391,2020,24,6,Permasalahan lainnya terkait PNBP,,0 
392,2020,25,6,Permasalahan lainnya terkait PNBP,,0 
393,2020,25,6,Permasalahan lainnya terkait PNBP,,0 
394,2020,25,6,Permasalahan lainnya terkait PNBP,,5441646524 
395,2020,25,6,Permasalahan lainnya terkait PNBP,,17283750 
396,2020,25,6,Permasalahan lainnya terkait PNBP,,45542065 
397,2020,26,6,Permasalahan lainnya terkait PNBP,,8992143 
398,2020,26,6,Permasalahan lainnya terkait PNBP,,0 
399,2020,26,6,Permasalahan lainnya terkait PNBP,,0 
400,2020,27,6,Permasalahan lainnya terkait PNBP,,461814407 
401,2020,27,6,Permasalahan lainnya terkait PNBP,,766336253 
402,2020,27,6,Permasalahan lainnya terkait PNBP,,491484761 
403,2020,29,6,Permasalahan lainnya terkait PNBP,,0 
404,2020,29,6,Permasalahan lainnya terkait PNBP,,0 
405,2020,29,6,Permasalahan lainnya terkait PNBP,,0 
406,2020,29,6,Permasalahan lainnya terkait PNBP,,0 
407,2020,29,6,Permasalahan lainnya terkait PNBP,,0 
408,2020,29,6,Permasalahan lainnya terkait PNBP,,0 
409,2020,29,6,Permasalahan lainnya terkait PNBP,,0 
410,2020,29,6,Permasalahan lainnya terkait PNBP,,0 
411,2020,29,6,Permasalahan lainnya terkait PNBP,,0 
412,2020,32,6,Permasalahan lainnya terkait PNBP,,6252040261 
413,2020,32,6,Permasalahan lainnya terkait PNBP,,7180745081 
414,2020,32,6,Permasalahan lainnya terkait PNBP,,2276051030 
415,2020,32,6,Permasalahan lainnya terkait PNBP,,20363937270 
416,2020,32,6,Permasalahan lainnya terkait PNBP,,2129113110 
417,2020,32,6,Permasalahan lainnya terkait PNBP,,10743073877 
418,2020,32,6,Permasalahan lainnya terkait PNBP,,6332293 
419,2020,32,6,Permasalahan lainnya terkait PNBP,,41445618000 
420,2020,32,6,Permasalahan lainnya terkait PNBP,,520000000 
421,2020,33,6,Permasalahan lainnya terkait PNBP,,0 
422,2020,33,6,Permasalahan lainnya terkait PNBP,,0 
423,2020,41,6,Permasalahan lainnya terkait PNBP,,26878340 
424,2020,44,6,Permasalahan lainnya terkait PNBP,,0 
425,2020,44,6,Permasalahan lainnya terkait PNBP,,573467104 
426,2020,44,6,Permasalahan lainnya terkait PNBP,,0 
427,2020,44,6,Permasalahan lainnya terkait PNBP,,0 
428,2020,44,6,Permasalahan lainnya terkait PNBP,,318934009 
429,2020,44,6,Permasalahan lainnya terkait PNBP,,0 
430,2020,44,6,Permasalahan lainnya terkait PNBP,,0 
431,2020,44,6,Permasalahan lainnya terkait PNBP,,0 
432,2020,44,6,Permasalahan lainnya terkait PNBP,,0 
433,2020,44,6,Permasalahan lainnya terkait PNBP,,0 
434,2020,44,6,Permasalahan lainnya terkait PNBP,,0 
435,2020,54,6,Permasalahan lainnya terkait PNBP,,1676146 
436,2020,54,6,Permasalahan lainnya terkait PNBP,,54165000 
437,2020,54,6,Permasalahan lainnya terkait PNBP,,0 
438,2020,57,6,Permasalahan lainnya terkait PNBP,,0 
439,2020,57,6,Permasalahan lainnya terkait PNBP,,0 
440,2020,57,6,Permasalahan lainnya terkait PNBP,,0 
441,2020,59,6,Permasalahan lainnya terkait PNBP,,135953475 
442,2020,59,6,Permasalahan lainnya terkait PNBP,,161307376 
443,2020,59,6,Permasalahan lainnya terkait PNBP,,0 
444,2020,59,6,Permasalahan lainnya terkait PNBP,,0 
445,2020,59,6,Permasalahan lainnya terkait PNBP,,0 
446,2020,59,6,Permasalahan lainnya terkait PNBP,,0 
447,2020,59,6,Permasalahan lainnya terkait PNBP,,0 
448,2020,59,6,Permasalahan lainnya terkait PNBP,,0 
449,2020,59,6,Permasalahan lainnya terkait PNBP,,0 
450,2020,59,6,Permasalahan lainnya terkait PNBP,,0 
451,2020,63,6,Permasalahan lainnya terkait PNBP,,0 
452,2020,64,6,Permasalahan lainnya terkait PNBP,,0 
453,2020,66,6,Permasalahan lainnya terkait PNBP,,15510000 
454,2020,66,6,Permasalahan lainnya terkait PNBP,,0 
455,2020,66,6,Permasalahan lainnya terkait PNBP,,0 
456,2020,66,6,Permasalahan lainnya terkait PNBP,,0 
457,2020,66,6,Permasalahan lainnya terkait PNBP,,0 
458,2020,67,6,Permasalahan lainnya terkait PNBP,,0 
459,2020,68,6,Permasalahan lainnya terkait PNBP,,0 
460,2020,79,6,Permasalahan lainnya terkait PNBP,,0 
461,2020,79,6,Permasalahan lainnya terkait PNBP,,15492300 
462,2020,80,6,Permasalahan lainnya terkait PNBP,,0 
463,2020,84,6,Permasalahan lainnya terkait PNBP,,464040000 
464,2020,84,6,Permasalahan lainnya terkait PNBP,,902700000 
465,2020,86,6,Permasalahan lainnya terkait PNBP,,0 
466,2020,89,6,Permasalahan lainnya terkait PNBP,,0 
467,2020,90,6,Permasalahan lainnya terkait PNBP,,0 
468,2020,90,6,Permasalahan lainnya terkait PNBP,,0 
469,2020,103,6,Permasalahan lainnya terkait PNBP,,0 
470,2020,104,6,Permasalahan lainnya terkait PNBP,,2337458815 
471,2020,104,6,Permasalahan lainnya terkait PNBP,,40683576 
472,2020,104,6,Permasalahan lainnya terkait PNBP,,570880029 
473,2020,111,6,Permasalahan lainnya terkait PNBP,,0 
474,2020,117,6,Permasalahan lainnya terkait PNBP,,1974702067 
475,2020,117,6,Permasalahan lainnya terkait PNBP,,93370000 
476,2021,87,1,PNBP terlambat/belum disetor ke Kas Negara,,76673000 
477,2021,23,1,PNBP terlambat/belum disetor ke Kas Negara,,696000000000 
478,2021,10,1,PNBP terlambat/belum disetor ke Kas Negara,,37405140 
479,2021,33,1,PNBP terlambat/belum disetor ke Kas Negara,,77277640 
480,2021,25,1,PNBP terlambat/belum disetor ke Kas Negara,,1819029071 
481,2021,60,1,PNBP terlambat/belum disetor ke Kas Negara,,1673345000 
482,2021,5,1,PNBP terlambat/belum disetor ke Kas Negara,,12982381 
483,2021,13,1,PNBP terlambat/belum disetor ke Kas Negara,,0 
484,2021,20,1,PNBP terlambat/belum disetor ke Kas Negara,,1491651481 
485,2021,23,1,PNBP terlambat/belum disetor ke Kas Negara,,0 
486,2021,25,1,PNBP terlambat/belum disetor ke Kas Negara,,3514038492 
487,2021,32,1,PNBP terlambat/belum disetor ke Kas Negara,,119775565 
488,2021,42,1,PNBP terlambat/belum disetor ke Kas Negara,,368532240 
489,2021,80,1,PNBP terlambat/belum disetor ke Kas Negara,,33976800 
490,2021,112,1,PNBP terlambat/belum disetor ke Kas Negara,,110852739 
491,2021,117,1,PNBP terlambat/belum disetor ke Kas Negara,,1488733350 
492,2021,6,1,PNBP terlambat/belum disetor ke Kas Negara,,8292096 
493,2021,15,1,PNBP terlambat/belum disetor ke Kas Negara,,404869985 
494,2021,20,1,PNBP terlambat/belum disetor ke Kas Negara,,45649115159 
495,2021,25,1,PNBP terlambat/belum disetor ke Kas Negara,,0 
496,2021,33,1,PNBP terlambat/belum disetor ke Kas Negara,,249882000 
497,2021,79,1,PNBP terlambat/belum disetor ke Kas Negara,,185455184 
498,2021,2,1,PNBP terlambat/belum disetor ke Kas Negara,,15115704 
499,2021,6,1,PNBP terlambat/belum disetor ke Kas Negara,,143000000000 
500,2021,10,1,PNBP terlambat/belum disetor ke Kas Negara,,244590000 
501,2021,10,1,PNBP terlambat/belum disetor ke Kas Negara,,0 
502,2021,15,1,PNBP terlambat/belum disetor ke Kas Negara,,0 
503,2021,15,1,PNBP terlambat/belum disetor ke Kas Negara,,4886627879 
504,2021,20,1,PNBP terlambat/belum disetor ke Kas Negara,,0 
505,2021,20,1,PNBP terlambat/belum disetor ke Kas Negara,,0 
506,2021,20,1,PNBP terlambat/belum disetor ke Kas Negara,,0 
507,2021,20,1,PNBP terlambat/belum disetor ke Kas Negara,,0 
508,2021,20,1,PNBP terlambat/belum disetor ke Kas Negara,,0 
509,2021,20,1,PNBP terlambat/belum disetor ke Kas Negara,,0 
510,2021,20,1,PNBP terlambat/belum disetor ke Kas Negara,,0 
511,2021,20,1,PNBP terlambat/belum disetor ke Kas Negara,,0 
512,2021,23,1,PNBP terlambat/belum disetor ke Kas Negara,,0 
513,2021,23,1,PNBP terlambat/belum disetor ke Kas Negara,,0 
514,2021,23,1,PNBP terlambat/belum disetor ke Kas Negara,,0 
515,2021,23,1,PNBP terlambat/belum disetor ke Kas Negara,,517563040 
516,2021,23,1,PNBP terlambat/belum disetor ke Kas Negara,,10351260796 
517,2021,25,1,PNBP terlambat/belum disetor ke Kas Negara,,1748167500 
518,2021,25,1,PNBP terlambat/belum disetor ke Kas Negara,,36336519344 
519,2021,26,1,PNBP terlambat/belum disetor ke Kas Negara,,0 
520,2021,26,1,PNBP terlambat/belum disetor ke Kas Negara,,12669173554 
521,2021,26,1,PNBP terlambat/belum disetor ke Kas Negara,,795000000000 
522,2021,29,1,PNBP terlambat/belum disetor ke Kas Negara,,0 
523,2021,29,1,PNBP terlambat/belum disetor ke Kas Negara,,0 
524,2021,33,1,PNBP terlambat/belum disetor ke Kas Negara,,3100420800 
525,2021,59,1,PNBP terlambat/belum disetor ke Kas Negara,,0 
526,2021,76,1,PNBP terlambat/belum disetor ke Kas Negara,,15162017922 
527,2021,76,1,PNBP terlambat/belum disetor ke Kas Negara,,0 
528,2021,76,1,PNBP terlambat/belum disetor ke Kas Negara,,0 
529,2021,80,1,PNBP terlambat/belum disetor ke Kas Negara,,825000000 
530,2021,80,1,PNBP terlambat/belum disetor ke Kas Negara,,825000000 
531,2021,80,1,PNBP terlambat/belum disetor ke Kas Negara,,0 
532,2021,81,1,PNBP terlambat/belum disetor ke Kas Negara,,0 
533,2021,81,1,PNBP terlambat/belum disetor ke Kas Negara,,0 
534,2021,81,1,PNBP terlambat/belum disetor ke Kas Negara,,0 
535,2021,81,1,PNBP terlambat/belum disetor ke Kas Negara,,0 
536,2021,89,1,PNBP terlambat/belum disetor ke Kas Negara,,0 
537,2021,108,1,PNBP terlambat/belum disetor ke Kas Negara,,0 
538,2021,108,1,PNBP terlambat/belum disetor ke Kas Negara,,43109303000 
539,2021,108,1,PNBP terlambat/belum disetor ke Kas Negara,,0 
540,2021,112,1,PNBP terlambat/belum disetor ke Kas Negara,,0 
541,2021,112,1,PNBP terlambat/belum disetor ke Kas Negara,,139000000000 
542,2021,112,1,PNBP terlambat/belum disetor ke Kas Negara,,6376542720 
543,2021,112,1,PNBP terlambat/belum disetor ke Kas Negara,,9867293969 
544,2021,112,1,PNBP terlambat/belum disetor ke Kas Negara,,2202527334 
545,2021,118,1,PNBP terlambat/belum disetor ke Kas Negara,,1546075613 
546,2021,118,1,PNBP terlambat/belum disetor ke Kas Negara,,0 
547,2021,25,4,Pungutan yang belum memiliki dasar hukum dan digunakan langsung ,,7378926028 
548,2021,79,4,Pungutan yang belum memiliki dasar hukum dan digunakan langsung ,,0 
549,2021,79,4,Pungutan yang belum memiliki dasar hukum dan digunakan langsung ,,4210639200 
550,2021,23,4,Pungutan yang belum memiliki dasar hukum dan digunakan langsung ,,0 
551,2021,12,4,Pungutan yang belum memiliki dasar hukum dan digunakan langsung ,,6228897912 
552,2021,26,4,Pungutan yang belum memiliki dasar hukum dan digunakan langsung ,,1489295000 
553,2021,12,5,Pungutan yang telah memiliki dasar hukum dan digunakan langsung ,,11935056419 
554,2021,23,5,Pungutan yang telah memiliki dasar hukum dan digunakan langsung ,,18576460 
555,2021,23,5,Pungutan yang telah memiliki dasar hukum dan digunakan langsung ,,0 
556,2021,112,5,Pungutan yang telah memiliki dasar hukum dan digunakan langsung ,,25979574475 
557,2021,11,6,Permasalahan lainnya terkait PNBP,,0 
558,2021,11,6,Permasalahan lainnya terkait PNBP,,0 
559,2021,13,6,Permasalahan lainnya terkait PNBP,,0 
560,2021,15,6,Permasalahan lainnya terkait PNBP,,0 
561,2021,15,6,Permasalahan lainnya terkait PNBP,,0 
562,2021,15,6,Permasalahan lainnya terkait PNBP,,291722400 
563,2021,15,6,Permasalahan lainnya terkait PNBP,,23269820346 
564,2021,20,6,Permasalahan lainnya terkait PNBP,,87114305462 
565,2021,20,6,Permasalahan lainnya terkait PNBP,,1249096672 
566,2021,20,6,Permasalahan lainnya terkait PNBP,,0 
567,2021,20,6,Permasalahan lainnya terkait PNBP,,0 
568,2021,22,6,Permasalahan lainnya terkait PNBP,,0 
569,2021,22,6,Permasalahan lainnya terkait PNBP,,0 
570,2021,22,6,Permasalahan lainnya terkait PNBP,,59640731 
571,2021,22,6,Permasalahan lainnya terkait PNBP,,548000000000 
572,2021,22,6,Permasalahan lainnya terkait PNBP,,0 
573,2021,22,6,Permasalahan lainnya terkait PNBP,,0 
574,2021,22,6,Permasalahan lainnya terkait PNBP,,302565525 
575,2021,22,6,Permasalahan lainnya terkait PNBP,,0 
576,2021,22,6,Permasalahan lainnya terkait PNBP,,275324022 
577,2021,23,6,Permasalahan lainnya terkait PNBP,,19946915251 
578,2021,23,6,Permasalahan lainnya terkait PNBP,,0 
579,2021,23,6,Permasalahan lainnya terkait PNBP,,0 
580,2021,23,6,Permasalahan lainnya terkait PNBP,,3000000000 
581,2021,23,6,Permasalahan lainnya terkait PNBP,,0 
582,2021,23,6,Permasalahan lainnya terkait PNBP,,0 
583,2021,23,6,Permasalahan lainnya terkait PNBP,,0 
584,2021,23,6,Permasalahan lainnya terkait PNBP,,31074200 
585,2021,23,6,Permasalahan lainnya terkait PNBP,,0 
586,2021,24,6,Permasalahan lainnya terkait PNBP,,81322994100 
587,2021,25,6,Permasalahan lainnya terkait PNBP,,398834250 
588,2021,25,6,Permasalahan lainnya terkait PNBP,,0 
589,2021,25,6,Permasalahan lainnya terkait PNBP,,0 
590,2021,25,6,Permasalahan lainnya terkait PNBP,,0 
591,2021,25,6,Permasalahan lainnya terkait PNBP,,651811491 
592,2021,25,6,Permasalahan lainnya terkait PNBP,,0 
593,2021,25,6,Permasalahan lainnya terkait PNBP,,0 
594,2021,26,6,Permasalahan lainnya terkait PNBP,,2300000000000 
595,2021,26,6,Permasalahan lainnya terkait PNBP,,0 
596,2021,26,6,Permasalahan lainnya terkait PNBP,,717254000 
597,2021,29,6,Permasalahan lainnya terkait PNBP,,0 
598,2021,29,6,Permasalahan lainnya terkait PNBP,,0 
599,2021,29,6,Permasalahan lainnya terkait PNBP,,0 
600,2021,29,6,Permasalahan lainnya terkait PNBP,,0 
601,2021,29,6,Permasalahan lainnya terkait PNBP,,0 
602,2021,29,6,Permasalahan lainnya terkait PNBP,,0 
603,2021,29,6,Permasalahan lainnya terkait PNBP,,0 
604,2021,29,6,Permasalahan lainnya terkait PNBP,,0 
605,2021,29,6,Permasalahan lainnya terkait PNBP,,0 
606,2021,32,6,Permasalahan lainnya terkait PNBP,,177580100 
607,2021,32,6,Permasalahan lainnya terkait PNBP,,22754943665 
608,2021,32,6,Permasalahan lainnya terkait PNBP,,2557285752 
609,2021,33,6,Permasalahan lainnya terkait PNBP,,0 
610,2021,33,6,Permasalahan lainnya terkait PNBP,,0 
611,2021,33,6,Permasalahan lainnya terkait PNBP,,0 
612,2021,33,6,Permasalahan lainnya terkait PNBP,,0 
613,2021,33,6,Permasalahan lainnya terkait PNBP,,0 
614,2021,41,6,Permasalahan lainnya terkait PNBP,,0 
615,2021,44,6,Permasalahan lainnya terkait PNBP,,98738552 
616,2021,44,6,Permasalahan lainnya terkait PNBP,,0 
617,2021,51,6,Permasalahan lainnya terkait PNBP,,0 
618,2021,54,6,Permasalahan lainnya terkait PNBP,,0 
619,2021,54,6,Permasalahan lainnya terkait PNBP,,0 
620,2021,54,6,Permasalahan lainnya terkait PNBP,,0 
621,2021,56,6,Permasalahan lainnya terkait PNBP,,31126159601 
622,2021,56,6,Permasalahan lainnya terkait PNBP,,38744125707 
623,2021,60,6,Permasalahan lainnya terkait PNBP,,75100000 
624,2021,63,6,Permasalahan lainnya terkait PNBP,,0 
625,2021,63,6,Permasalahan lainnya terkait PNBP,,0 
626,2021,63,6,Permasalahan lainnya terkait PNBP,,0 
627,2021,63,6,Permasalahan lainnya terkait PNBP,,0 
628,2021,63,6,Permasalahan lainnya terkait PNBP,,0 
629,2021,65,6,Permasalahan lainnya terkait PNBP,,0 
630,2021,66,6,Permasalahan lainnya terkait PNBP,,0 
631,2021,79,6,Permasalahan lainnya terkait PNBP,,25000000 
632,2021,79,6,Permasalahan lainnya terkait PNBP,,0 
633,2021,79,6,Permasalahan lainnya terkait PNBP,,0 
634,2021,79,6,Permasalahan lainnya terkait PNBP,,0 
635,2021,80,6,Permasalahan lainnya terkait PNBP,,600336792 
636,2021,81,6,Permasalahan lainnya terkait PNBP,,0 
637,2021,85,6,Permasalahan lainnya terkait PNBP,,0 
638,2021,87,6,Permasalahan lainnya terkait PNBP,,0 
639,2021,90,6,Permasalahan lainnya terkait PNBP,,0 
640,2021,90,6,Permasalahan lainnya terkait PNBP,,0 
641,2021,111,6,Permasalahan lainnya terkait PNBP,,0 
642,2021,112,6,Permasalahan lainnya terkait PNBP,,107500000 
643,2021,112,6,Permasalahan lainnya terkait PNBP,,1492414519 
644,2021,117,6,Permasalahan lainnya terkait PNBP,,0 
645,2021,117,6,Permasalahan lainnya terkait PNBP,,77372859 
646,2021,118,6,Permasalahan lainnya terkait PNBP,,0 
647,2022,2,1,PNBP terlambat/belum disetor ke Kas Negara,"Keterlambatan penyetoran penerimaan wisma ke kas negara dengan rentang waktu antara 3 s.d. 10 hari kerja dengan total nilai pendapatan sewa sebesar Rp14.062.500,00",14062500 
648,2022,5,1,PNBP terlambat/belum disetor ke Kas Negara,-,260000 
649,2022,12,1,PNBP terlambat/belum disetor ke Kas Negara,Hasil pemeriksaan pada UO TNI AL menunjukkan bahwa PNBP atas PKS Pemanfaatan lahan Tahun 2022 pada Puspenerbal sewa lahan/PKS dengan PT. Merpati Mantenance Facility (MMF) yang digunakan untuk hanggar,219122580 
650,2022,19,1,PNBP terlambat/belum disetor ke Kas Negara,"Pengenaan Tarif PNBP pada Dua Satuan Kerja Tidak Sesuai Ketentuan dan Penatausahaan Pendapatan Sumbangan Pembinaan Pendidikan, Pendapatan Diterima Di Muka dan Pendapatan Yang Masih Harus Diterima pada SMK SMTI Makassar Tidak Tertib, Akurat, Valid dan Sinkron",0 
651,2022,23,1,PNBP terlambat/belum disetor ke Kas Negara,PNBP UKBI diterima dari masyarakat hampir setiap hari di rekening bendahara penerimaan namun penyetoran ke Kas Negara dilakukan secara berkala dan belum ada dispensasi KPPN.,0 
652,2022,23,1,PNBP terlambat/belum disetor ke Kas Negara,Sewa tempat ruangan ATM di Politeknik Negeri Padang terhitung sejak tanggal 1 September 2021 sampai dengan tanggal 31 Agustus 2024 dan pembayaran sewa baru dilakukan pada tanggal 13 Januari 2022.,47400000 
653,2022,23,1,PNBP terlambat/belum disetor ke Kas Negara,Terdapat sewa ruangan ATM pada PPNS dengan BNI tanggal 23 Agustus 2021. Jangka waktu sewa sejak tanggal 1 Juli 2021 sampai dengan tanggal 30 Juni 2024. pembayaran sewa pada tanggal 2 Desember 2022,60750000 
654,2022,23,1,PNBP terlambat/belum disetor ke Kas Negara,"terdapat penerimaan di tahun 2021 yang baru disetorkan di tahun 2022 sebesar Rp209.626.941,00",209626941 
655,2022,33,1,PNBP terlambat/belum disetor ke Kas Negara,"Keterlambatan Penyetoran PNBP Sebesar Rp2.295.999.000,00 pada BBPJN Jawa Tengah-D.I.Yogyakarta. (Jenis PNBP dan Jumlah hari keterlambatan terlampir)",2295999000 
656,2022,33,1,PNBP terlambat/belum disetor ke Kas Negara,"Pemanfaatan/penggunaan objek PNBP belum didukung perjanjian, belum ada penetapan sewa, tarif sewa tidak sesuai ketentuan, digunakan oleh pihak yang tidak berhak",0 
657,2022,44,1,PNBP terlambat/belum disetor ke Kas Negara,penerimaan atas  walk in guest  diterima oleh petugas Front Office secara tunai. Penerimaan tunai tersebut disetor ke rekening kas lainnya Nomor 1871-01-000003-30-1 setiap minggu dengan alasan lokasi,0 
658,2022,57,1,PNBP terlambat/belum disetor ke Kas Negara,PNBP dari Jasa Fotocopi dan Mikrofilm terlambat disetorkan diantaranya bulan des 2022 disetor 17-02-2023 sebesar Rp752.000 dan total yang terlambat setahun Rp11.111.100.,11111100 
659,2022,60,1,PNBP terlambat/belum disetor ke Kas Negara,Penyetoran PNBP atas Penerbitan SKCK dan Ijin Senpi pada Ditintelkam Polda Sulawesi Tengah Tidak Tertib Waktu,0 
660,2022,60,1,PNBP terlambat/belum disetor ke Kas Negara,Penyetoran PNBP atas Penerbitan SKCK pada Satintelkam Polres Morowali Tidak Tertib Waktu,0 
661,2022,60,1,PNBP terlambat/belum disetor ke Kas Negara,Pengelolaan PNBP Jasa Pamobvit pada Satsamapta Polresta Banda Aceh Belum Sesuai Ketentuan dan Kurang Saji Piutang PNBP,0 
662,2022,87,1,PNBP terlambat/belum disetor ke Kas Negara,"Berdasarkan hasil  pemeriksaan, diketahui masih terdapat satker yang mengalami keterlambatan penyetoran PNBP ke Kas Negara antara 1 s.d. 4 hari sebesar Rp1.122.580.000",1122580000 
663,2022,87,1,PNBP terlambat/belum disetor ke Kas Negara,Perjanjian Sewa PT PNP berakhir tgl 31/12/2021 namun Perpanjangan Sewa baru ditetapkan 18 April 2023 dan pendapatan baru disetor 18 Mei 2023,96519297 
664,2022,90,1,PNBP terlambat/belum disetor ke Kas Negara,"Permasalahan keterlambatan penyetoran PNBP pada rekening Bendahara Penerimaan ke rekening kas negara pada Balai Sertifikasi, Balai Pengujian Ukur Takar Timbang dan Perlengkapan",814777100 
665,2022,5,1,PNBP terlambat/belum disetor ke Kas Negara,Terdapat pemungutan sewa kantin sebesar Rp2.500.000 yang telah dipungut namun belum disetor disebabkan karena belum ada surat izin penggunaan sewa yang menjadi dasar penyetoran uang sewa.,0 
666,2022,12,1,PNBP terlambat/belum disetor ke Kas Negara,"terdapat kekurangan penyetoran PNBP dari pemanfaatan BMN pada UO TNI AD, UO TNI AL dan UO TNI AU",12638525237 
667,2022,23,1,PNBP terlambat/belum disetor ke Kas Negara,"Pendapatan Pendidikan pada Politeknik Negeri Pontianak tidak disetorkan ke kas negara sebesar Rp1.069.900.921,00 dan digunakan secara langsung sebesar Rp561.635.771,00",1069900921 
668,2022,25,1,PNBP terlambat/belum disetor ke Kas Negara,PNBP belum disetorkan pada 1 satker.,400000000 
669,2022,25,1,PNBP terlambat/belum disetor ke Kas Negara,PNBP belum disetorkan pada 3 satker.,340063980 
670,2022,33,1,PNBP terlambat/belum disetor ke Kas Negara,"PNBP Belum Diterima Sebesar Rp359.699.248,00",359699248 
671,2022,60,1,PNBP terlambat/belum disetor ke Kas Negara,PNBP Terlambat setor,0 
672,2022,93,1,PNBP terlambat/belum disetor ke Kas Negara,-,1500281 
673,2022,5,2,PNBP kurang pungut,"1). Terdapat Pendapatan Sewa yang dipungut kurang dari tarif yang telah ditetapkan oleh KPKNL;
2). Adanya penyewaan sebagian tanah/gedung oleh pihak penyewa ke pihak lainnya tanpa persetujuan MA.",22864800 
674,2022,15,2,PNBP kurang pungut,"1) Kurang Bayar Pungutan Ekspor belum Ditetapkan
2) Belum ada kebijakan akuntansi yang mengatur Pungutan Ekspor, Kurang Bayar dan lebih Bayar Pungutan Ekspor",26609494419 
675,2022,19,2,PNBP kurang pungut,"Politeknik ATI Makassar kurang pungut karena tidak sesuai tarif Pasca Semester VI sebesar Rp23.400.000,00 dan SMK SMTI Makassar kurang pungut karena salah penerbitan kode billing sebesar Rp549.999,00.",23949999 
676,2022,19,2,PNBP kurang pungut,"Dalam data PNBP ditemukan pencatatan ganda nama, nomor induk siswa dan peruntukkan pembayaran. Penerimaan tidak didukung bukti kuitansi, terdapat kuitansi ganda, data manual catatan PNBP tidak akurat.",0 
677,2022,20,2,PNBP kurang pungut,"Royalti dan PHT belum dipungut sesuai tarif PP 15 Tahun 2022 sebesar USD23,038,395.31 dan Rp118.117.049.464,44",477000000000 
679,2022,24,2,PNBP kurang pungut,"Pembayaran sewa Foresthree Coffee kurang dipungut sebesar Rp23.555.200,00 dan denda keterlambatan belum dikenakan minimal Rp21.427.440,00",44982640 
680,2022,24,2,PNBP kurang pungut,seluruh nilai temuan terbagi atas temuan TA 2022 Sebesar Rp241.016.3030 dan TA 2023 sebesar Rp1.617.688. atas seluruh nilai temuan tersebut telah lunas dibayar oleh Mitra.,242633991 
681,2022,25,2,PNBP kurang pungut,PNBP kurang dipungut pada 1 satker.,15519825 
682,2022,26,2,PNBP kurang pungut,Pengenaan PNBP tidak sesuai PP Tarif,20690400 
683,2022,32,2,PNBP kurang pungut,"Kekurangan penagihan PNBP PHP dan PPP senilai Rp290.803.170,00(Rp3.555.000,00 + Rp287.248.170,00) dan masa berlaku yang tidak sesuai ketentuan atas dua kapal penangkap ikan dan lima kapal pengangkut.",290803170 
684,2022,32,2,PNBP kurang pungut,"kekurangan pembayaran PNBP atas sewa yang belum dibayar dan selisih tarif sewa senilai Rp676.016.418,00 dan denda keterlambatan senilai Rp64.332.260,00.",740348678 
685,2022,32,2,PNBP kurang pungut,"Terdapat selisih atas bunga deposito yang seharusnya diterima LPMUKP dengan bunga deposito yang telah dibayarkan oleh Bank KB Bukopin senilai Rp5.821.918,00",5821910 
686,2022,44,2,PNBP kurang pungut,"Penerimaan GSH menurut catatan  GSH sebesar Rp1.356.287.556,00 disetor ke rekening kas lainnya.Berdasarkan penelusuran uang masuk dari GSH sebesar Rp1.256.529.293 ,00",99758263 
687,2022,54,2,PNBP kurang pungut,Dari penjelasan diatas diketahui terjadi Potensi Kehilangan Pendapatan Denda Lainnya atas Petugas Lapangan Pemutakhiran Kerangka Geospasial dan Muatan Wilkerstat ST2023 yang mengundurkan diri atau tid,12700000 
688,2022,54,2,PNBP kurang pungut,"Kekurangan penetapan denda lainnya sebesar Rp3.962.400,00 (Rp720.800,00 + Rp3.241.600,00) dan kehilangan potensi Pendapatan Denda Lainnya sebesar Rp10.369.000,00; dan",3962400 
689,2022,66,2,PNBP kurang pungut,-,19270000 
690,2022,112,2,PNBP kurang pungut,"1) Pengukuran air baku oleh Mitra KSO tidak berdasarkan alat ukur yang valid;
2) Mitra KSO belum menerapkan tarif air minum  berdasarkan Perka BP Batam dan alat ukur pada pelanggan tidak valid",0 
691,2022,112,2,PNBP kurang pungut,"1) Belum Terdapat Mekanisme Baku Terkait Perubahan Maupun Pembatalan Kuitansi pd Aplikasi SIMRS; dan 
2) Bagian Keuangan BURS Belum Melakukan Rekonsiliasi Data Kuitansi SIMRS Dengan Data Pendapatan FBM",0 
692,2022,117,2,PNBP kurang pungut,"Kekurangan penerimaan atas PNBP senilai Rp76.346.558,78 atas perbedaan ukuran luas riil di lapangan dan data di PKS, terdapat potensi pendapatan dari PNBP atas pengelolaan penyewaan slot multipleksing",76346559 
693,2022,20,3,PNBP tidak dipungut,Pendapatan Bagian Pemerintah dari Keuntungan Bersih IUPK Tahun 2020 dan 2021 dari satu perusahan belum disetor,332000000000 
694,2022,23,3,PNBP tidak dipungut,Pemanfaatan ruangan sebagai koperasi oleh Koperasi BS tidak dipungut sewa sejak Oktober - Desember 2022 (3 bulan).,3683000 
695,2022,24,3,PNBP tidak dipungut,biaya peserta didik program profesi dokter spesialis dan praktek profesi dietisien juli s.d. desember 2022 belum dipungut dan disetor,905299889 
696,2022,24,3,PNBP tidak dipungut,-,32584070 
697,2022,29,3,PNBP tidak dipungut,KLHK Belum Menetapkan Peraturan Mengenai Tata Cara Perdagangan Karbon Sektor Kehutanan (Forestry and Other Land Use) namun melakukan pemungutan PNBP atas transaksi perdagangan karbon,0 
698,2022,32,3,PNBP tidak dipungut,"PNBP dari sarpras sesuai tusi belum dibayar oleh penyewa hingga 31 Desember 2022 senilai Rp397.333.884 dan denda 56.276.520,00 belum dipungut",453610404 
699,2022,54,3,PNBP tidak dipungut,"Terdapat sebanyak 75 orang Petugas Lapangan Regsosek pada 14 sarker BPS Kabupaten/Kota yang menerima Honorarium seluruhnya sebesar Rp302.276.000,00, namun belum ditetapkan Ganti Ruginya. Honorarium",302276000 
700,2022,54,3,PNBP tidak dipungut,"Kekurangan penetapan denda lainnya sebesar Rp3.962.400,00 (Rp720.800,00 + Rp3.241.600,00) dan kehilangan potensi Pendapatan Denda Lainnya sebesar Rp10.369.000,00; dan",10369000 
701,2022,57,3,PNBP tidak dipungut,"pemanfaatan Ruang Serba Guna Lantai IV dan Ruang Auditorium Lantai II di Jln Medan Merdeka Selatan Nomor 11 Jakarta Pusat, terdapat total 206 kali pemanfaatan belum dipungut PNBP walau sudah ada tarif",447424700 
702,2022,60,3,PNBP tidak dipungut,-,65700000 
703,2022,60,3,PNBP tidak dipungut,PNBP Nomor Register Kendaraan Bermotor Pilihan,385000000 
704,2022,60,3,PNBP tidak dipungut,Potensi Penerimaan Negara Bukan Pajak dari Penerbitan Surat Tanda Coba Kendaraan pada Direktorat Lalu Lintas Kepolisian Daerah Papua Barat Tahun 2022 Tidak Dipungut,0 
705,2022,60,3,PNBP tidak dipungut,Potensi Penerimaan atas Denda Keterlambatan Pembayaran PNBP Pamobvit pada Direktorat Pamobvit Polda Papua Barat Belum Dimanfaatkan,0 
706,2022,63,3,PNBP tidak dipungut,Terdapat pelayanan perizinan yang belum dikenakan tarif karena belum ada revisi PP 32 Tahun 2017,0 
707,2022,78,3,PNBP tidak dipungut,PPATK tidak melaksanakan PP No. PP Nomor 109 Tahun 2021 tentang Jenis dan Tarif atas Jenis Penerimaan Negara Bukan Pajak yang Berlaku pada PPATK sehingga tidak ada pengenaan denda administratif,0 
708,2022,111,3,PNBP tidak dipungut,Pemanfaatan Aset Tetap Oleh Pihak Ketiga Pada PLBN Entikong dan PLBN Wini belum ada perjanjian dan belum dikenakan tarif sewa.,0 
709,2022,112,3,PNBP tidak dipungut,Pengelolaan Pendapatan di BP Batam oleh Badan Usaha Fasilitas dan Lingkungan belum optimal dan berdampak pada hilangnya potensi pendapatan,0 
710,2022,118,3,PNBP tidak dipungut,Potensi penerimaan PNBP yang belum dipungut oleh BPKS,0 
711,2022,12,4,Pungutan yang belum memiliki dasar hukum dan digunakan langsung,penerimaan dan penggunaan langsung atas PNBP yang tidak dikelola melalui mekanisme APBN,25979777334 
712,2022,23,4,Pungutan yang belum memiliki dasar hukum dan digunakan langsung,Pendapatan layanan kesehatan belum ditetapkan tarif dan digunakan langsung.,32455000 
713,2022,23,4,Pungutan yang belum memiliki dasar hukum dan digunakan langsung,"Terdapat PNBP minimal sebesar Rp6.131.377.927,00 yang tidak disetorkan ke rekening penerimaan USK, karena digunakan tanpa melalui pengesahan pendapatan dan pertanggungjawaban belanja",6131377927 
714,2022,23,4,Pungutan yang belum memiliki dasar hukum dan digunakan langsung,"Penerimaan atas sewa Gedung Olahraga Handayani digunakan secara langsung oleh Setditjen Diksi untuk pembayaran iuran RT, iuran RW, honor petugas kebersihan, keamanan, dan biaya operasional lainnya",64250000 
715,2022,23,4,Pungutan yang belum memiliki dasar hukum dan digunakan langsung,Merupakan pendapatan atas penjualan tiket kolam renang yang didasarkan kepada SK Kepala BBPPMPV BMTI dan belum ditetapkan oleh KPKNL,270042500 
716,2022,23,4,Pungutan yang belum memiliki dasar hukum dan digunakan langsung,pendapatan penjualan tiket kolam renang yang disetor ke kas negara sebesar 50% dari total pendapatan. sisanya digunakan untuk biaya operasional kolam renang.,270042500 
717,2022,23,4,Pungutan yang belum memiliki dasar hukum dan digunakan langsung,"Atas pendapatan dari sewa kantin, hotel polimedia, denda perpustakaan, Pendapatan seminar, Dana Pengelolaan Program, dan Pendapatan Wisuda yang diterima Polimedia namun tidak diakui pendapatan",360188408 
718,2022,23,4,Pungutan yang belum memiliki dasar hukum dan digunakan langsung,Atas pendapatan pada Polimedia Jakarta yang tidak diakui pendapatan di LRA dan digunakan langsung. Adapun sisanya tidak disetor ke kas negara.,0 
719,2022,23,4,Pungutan yang belum memiliki dasar hukum dan digunakan langsung,Pendapatan sewa dan jasa yang belum yang belum memiliki dasar hukum dan digunakan langsung,667343191 
720,2022,23,4,Pungutan yang belum memiliki dasar hukum dan digunakan langsung,"Penerimaan atas sewa Gedung Olahraga Handayani digunakan secara langsung oleh Setditjen Diksi untuk pembayaran iuran RT, iuran RW, honor petugas kebersihan, keamanan, dan biaya operasional lainnya",0 
721,2022,25,4,Pungutan yang belum memiliki dasar hukum dan digunakan langsung,Penggunaan langsung penerimaan BLU pada 2 satker.,288643000 
722,2022,44,4,Pungutan yang belum memiliki dasar hukum dan digunakan langsung,"GSH mendokumentasikan penerimaan sebesar Rp1.356.287.556,00, disetor sebesar Rp672.345.350,00, sisanya digunakan langsung Realisasi pengeluaran sebesar Rp782.668.470,55, selisih belum dijelaskan",683942206 
723,2022,44,4,Pungutan yang belum memiliki dasar hukum dan digunakan langsung,Pendapatan telah disahkan dan masuk ke rekening operasional penerimaan BLU,1047973005 
724,2022,104,4,Pungutan yang belum memiliki dasar hukum dan digunakan langsung,-,1853722763 
725,2022,23,4,Telah Memiliki Dasar Hukum Namun Digunakan Langsung,Atas sisa kas tersebut telah dikembalikan oleh BBPPMPV Senbud kepada Kabupaten Asmat,263256400 
726,2022,23,4,Telah Memiliki Dasar Hukum Namun Digunakan Langsung,Nilai Rp177.926.400 dibayarkan untuk honor pengajar dan uang harian pengemudi. Sedangkan sebesar Rp57.477.000 untuk penginapan asrama telah disetorkan ke kas negara.,0 
727,2022,23,4,Telah Memiliki Dasar Hukum Namun Digunakan Langsung,Merupakan pendapatan UKT semester ganjil 2022/2023 pada AKN Seni dan Budaya Yogyakarta yang tidak diakui dalam LK,90200000 
728,2022,23,4,Telah Memiliki Dasar Hukum Namun Digunakan Langsung,"dana UKT AKN Seni dan Budaya Yogyakarta tersebut digunakan secara langsung untuk operasional kantor, kegiatan rapat, honor Kepala Program, pembelian perlengkapan wisuda, dan lain sebagainya",0 
729,2022,23,4,Telah Memiliki Dasar Hukum Namun Digunakan Langsung,"Pendapatan dari Dana Komite, Dana Bantuan Operasional Sekolah (BOS), dan Dana Bantuan Operasional Penyelenggaraan (BOP) di TK dan SD Pedagogia Labschool UNY tidak dikelola dengan mekanisme BLU",733645628 
730,2022,25,4,Telah Memiliki Dasar Hukum Namun Digunakan Langsung,Penggunaan langsung penerimaan APBN-RM pada 4 satker.,200167424 
731,2022,25,4,Telah Memiliki Dasar Hukum Namun Digunakan Langsung,Penggunaan langsung penerimaan APBN-RM pada 2 satker.,384045600 
732,2022,54,4,Telah Memiliki Dasar Hukum Namun Digunakan Langsung,-,74153240 
733,2022,60,4,Telah Memiliki Dasar Hukum Namun Digunakan Langsung,Pengelolaan Penerimaan Negara Bukan Pajak Pengamanan Objek Tertentu oleh Satbrimob Polda Papua Barat pada Tahun 2022 Belum Sesuai Ketentuan,0 
734,2022,60,4,Telah Memiliki Dasar Hukum Namun Digunakan Langsung,PNBP Jasa Pengamanan dan Pengawalan,249175000 
735,2022,60,4,Telah Memiliki Dasar Hukum Namun Digunakan Langsung,Pelaksanaan Kegiatan Pengamanan Objek Vital pada Kantor Perwakilan Bank Indonesia Provinsi Aceh oleh Satbrimob Polda Aceh Tidak Sesuai Ketentuan,0 
736,2022,104,4,Telah Memiliki Dasar Hukum Namun Digunakan Langsung,-,157100000 
737,2022,10,6,Permasalahan lainnya terkait PNBP,Bendahara Penerimaan memungut sewa kantin melebihi dari besaran sewa yang diperjanjikan. Bendahara Penerimaan hanya menyetor ke Kas Negara sebesar nilai sewa sesuai perjanjian sewa kantin.,19550000 
738,2022,11,6,Permasalahan lainnya terkait PNBP,"Hilangnya potensi Pendapatan restitusi VAT karena proses pengajuan telah melebihi batas waktu pengajuan restitusi sebesar ekuivalen Rp94.020.357,57",94020357 
739,2022,11,6,Permasalahan lainnya terkait PNBP,"VAT atas belanja pada Perwakilan RI yang belum diajukan proses restitusinya kepada pemerintah negara setempat sebesar ekuivalen Rp923.041.623,66",923041624 
740,2022,19,6,Permasalahan lainnya terkait PNBP,Regulasi atas Pendapatan Yang Masih Harus Diterima pada Kementerian Perindustrian Belum Selaras dan Belum Lengkap,0 
741,2022,20,6,Permasalahan lainnya terkait PNBP,"Pengenaan sewa wisma sebesar Rp83.685.000,00 pada PEM Akamigas belum didasarkan penetapan tarif pimpinan BLU/PMK",0 
742,2022,20,6,Permasalahan lainnya terkait PNBP,Tidak ada pemisahan periodisitas atas pendapatan kas yang diterima sesuai dengan hak akrualnya,0 
743,2022,20,6,Permasalahan lainnya terkait PNBP,Nilai pendapatan sewa BMN tidak berdasarkan penetapan dari Pengelola Barang atas penggunaan tanah untuk bangunan coffeemine,0 
744,2022,23,6,Permasalahan lainnya terkait PNBP,"Pendapatan sewa tanah, gedung, dan bangunan berupa sewa kantin tidak menggambarkan kondisi yang sebenarnya.",0 
745,2022,23,6,Permasalahan lainnya terkait PNBP,-,178000000 
746,2022,23,6,Permasalahan lainnya terkait PNBP,-,2528150000 
747,2022,23,6,Permasalahan lainnya terkait PNBP,Jasa giro dipotong PPh sebesar RP396.313.971. Tidak ada pertanggungjawaban setelah 31 Desember 2022.,396313971 
748,2022,23,6,Permasalahan lainnya terkait PNBP,Kontribusi pemanfaatan aset oleh Labschool Unesa tidak didukung dengan hasil penilaian kewajaran BMN dalam rangka kerja sama pemanfaatan (KSP),0 
749,2022,23,6,Permasalahan lainnya terkait PNBP,"1. Unipa Belum Menerima Hibah PemProv PapBar dan Belum meregistrasi Hibah Langsung Pemkab Kaimana 
2. Uncen belum meregistrasi hibah langsung Pemkab Kepulauan Yapen",808518886 
750,2022,23,6,Permasalahan lainnya terkait PNBP,"Kelebihan Pembayaran atas UKT kepada Mahasiswa Institut Teknologi Kalimantan yang Berhak Menerima Sebesar Rp188.250.000,00",28750000 
751,2022,23,6,Permasalahan lainnya terkait PNBP,"Kelebihan Pembayaran atas UKT kepada Mahasiswa Institut Teknologi Kalimantan yang Berhak Menerima Sebesar Rp188.250.000,00",159500000 
752,2022,23,6,Permasalahan lainnya terkait PNBP,"Terdapat realisasi Pendapatan Pendidikan Lainnya sebesar Rp56.780.000,00, yang di dalamnya antara lain berupa penerimaan hasil asrama mahasiswa sebesar Rp32.350.000,00 yang seharusnya masuk dalam Pend",32350000 
753,2022,23,6,Permasalahan lainnya terkait PNBP,"merupakan Pendapatan Sewa Tanah, Gedung, dan Bangunan sebesar Rp34.620.000,00 dan Pendapatan Sewa Peralatan dan Mesin sebesar Rp46.900.000,00",524508141 
754,2022,23,6,Permasalahan lainnya terkait PNBP,"Berdasarkan hasil pemeriksaan atas Pendapatan Pendidikan pada Politeknik Negeri Samarinda, diketahui terdapat pungutan Sumbangan Pengembangan Institusi (SPI) pada 36 mahasiswa pasca sarjana sebesar Rp",180000000 
755,2022,23,6,Permasalahan lainnya terkait PNBP,"Terdapat tujuh mahasiswa yang berstatus cuti namun masih melakukan pembayaran UKT sebesar 25% dengan jumlah total sebesar Rp6.050.000,00",6050000 
756,2022,23,6,Permasalahan lainnya terkait PNBP,"Hasil pemeriksaan diketahui bahwa terdapat 17 mahasiswa yang berstatus cuti namun masih melakukan pembayaran UKT sebesar 25%, dengan jumlah total sebesar Rp11.125.000,00.",11125000 
757,2022,23,6,Permasalahan lainnya terkait PNBP,"Polines ditetapkan sebagai BLU sejak 7 Juni 2021 berdasarkan Keputusan Menteri Keuangan Republik Indonesia nomor 220/KMK.05/2021. Namun, hingga saat ini belum ada PMK terkait tarif BLU",0 
758,2022,23,6,Permasalahan lainnya terkait PNBP,"PNJ ditetapkan sebagai BLU sejak 31 Mei 2021 berdasarkan Keputusan Menteri Keuangan Republik Indonesia nomor 209/KMK.05/2021, namun hingga saat ini belum ada PMK terkait tarif BLU",0 
759,2022,23,6,Permasalahan lainnya terkait PNBP,Kelebihan pemunggutan SPI atas mahasiswa Program Pasca Sarjan,18000000 
760,2022,23,6,Permasalahan lainnya terkait PNBP,"Kelebihan pemunggutan UKT atas mahasiswa cuti pada Politeknik Negeri Sambas, Politeknik Negeri Bandung dan Politeknik Negeri Medan",45875000 
761,2022,25,6,Permasalahan lainnya terkait PNBP,Pemanfaatan Barang Milik Negara (BMN) belum didukung perjanjian kerjasama dan belum dikenakan sewa pada 2 satker.,0 
762,2022,25,6,Permasalahan lainnya terkait PNBP,Pemanfaatan Barang Milik Negara (BMN) belum didukung perjanjian kerjasama dan belum dikenakan sewa pada 3 satker.,0 
763,2022,29,6,Permasalahan lainnya terkait PNBP,Verifikasi atas kewajiban yang harus dilaksanakan wajib bayar PPKH tidak terstandar dan belum menyeluruh.,0 
764,2022,29,6,Permasalahan lainnya terkait PNBP,Terdapat PBPH yang tidak menyampaikan RKT dan aplikasi SIPASHUT belum terintegrasi dengan aplikasi SIPUHH.,0 
765,2022,29,6,Permasalahan lainnya terkait PNBP,pengendalian dan pengawasan atas izin PPKH masih menggunakan sistem yang terpisah & belum terintegrasi sehingga untuk mengetahui pemenuhan hak negara  harus membuka banyak aplikasi dan data tdk update,0 
766,2022,32,6,Permasalahan lainnya terkait PNBP,"Terdapat perbedaan suku bunga deposito yang diberikan oleh beberapa bank mitra LPMUKP pada bulan yang sama, menimbulkan potensi lebih atas pendapatan bunga deposito yang bisa didapatkan oleh LPMUKP.",0 
767,2022,32,6,Permasalahan lainnya terkait PNBP,"LPMUKP belum menyusun dan mendokumentasikan catatan dan/atau kertas kerja atas pengelolaan idle cash secara memadai, yaitu itidak adanya/tidak lengkapnya dokumen pendukung.",0 
768,2022,32,6,Permasalahan lainnya terkait PNBP,"RBA LPMUKP Tahun 2022 hanya menyebutkan Proyeksi Pendapatan LPMUKP dengan mencantumkan angka global atas target Pendapatan, tidak disertai analisis maupun rincian perhitungan atas proyeksi tersebut.",0 
769,2022,33,6,Permasalahan lainnya terkait PNBP,Kekurangan penerimaan PNBP atas pemanfaatan BMN yang belum dilengkapi Perjanjian Sewa-menyewa,305558248 
770,2022,54,6,Permasalahan lainnya terkait PNBP,"Hasil analisis atas Pedoman teknis dan administrasi SBH 2022 yang dibuat oleh Badan Pusat Statistik (BPS), tidak mengatur tentang SPK dengan petugas lapangan yang mengikat dalam pelaksanaan SBH. Demik",0 
771,2022,56,6,Permasalahan lainnya terkait PNBP,BMN disewakan kepada Koperasi Pegawai Negeri Sejahtera Adiguna oleh Kanwil BPN Prov. Sulawesi Selatan sebesar Rp83.990.500/tahun tetapi belum ada keputusan sewanya,83990500 
772,2022,60,6,Permasalahan lainnya terkait PNBP,Pemanfaatan BMN pada Rumah Sakit Bhayangkara Tk. III Manado Belum Sesuai dengan Ketentuan yang Berlaku,0 
773,2022,60,6,Permasalahan lainnya terkait PNBP,Pengelolaan PNBP Jasa Pamobvit pada Satsamapta Polres Aceh Besar Belum Sesuai Ketentuan dan Lebih Bayar atas Kegiatan Pamobvit,1533000 
774,2022,60,6,Permasalahan lainnya terkait PNBP,Potensi PNBP atas Penerbitan NRKB Pilihan Minimal,0 
775,2022,60,6,Permasalahan lainnya terkait PNBP,Potensi PNBP atas Penerbitan NRKB Pilihan pada Ditlantas Polda Bali Belum Dikelola Secara Optimal Sebesar Rp10.54 Milyar,0 
776,2022,63,6,Permasalahan lainnya terkait PNBP,Terdapat input waktu penyelesaian LHU berbeda dengan kondisi sebenarnya,0 
777,2022,63,6,Permasalahan lainnya terkait PNBP,BPOM Tidak Melakukan Pengujian Pangan Pihak Ketiga Pada Akhir Bulan November s.d Bulan Desember,0 
778,2022,63,6,Permasalahan lainnya terkait PNBP,Terdapat waktu input LHU yang berbeda dari waktu sebenarnya,0 
779,2022,63,6,Permasalahan lainnya terkait PNBP,Terdapat waktu input LHU berbeda dengan tanggal sertifikat sebenarnya,0 
780,2022,63,6,Permasalahan lainnya terkait PNBP,Terdapat Tujuh SKI Status Merah yang Belum Sepenuhnya  Ditindaklanjuti,0 
781,2022,63,6,Permasalahan lainnya terkait PNBP,Terdapat waktu input LHU berbeda dengan tanggal sertifikat sebenarnya,0 
782,2022,63,6,Permasalahan lainnya terkait PNBP,Terdapat waktu input LHU berbeda dengan tanggal sertifikat sebenarnya,0 
783,2022,63,6,Permasalahan lainnya terkait PNBP,Terdapat waktu input LHU berbeda dengan tanggal sertifikat sebenarnya,0 
784,2022,64,6,Permasalahan lainnya terkait PNBP,"Hasil konfirmasi kepada Pengelola BMN Aset Tetap menunjukkan bahwa Koprimlem belum mengajukan surat permohonan penambahan pemanfaatan Aset BMN Tanah dan Bangunan Kantin Belakang seluas 46,925 m2",0 
785,2022,64,6,Permasalahan lainnya terkait PNBP,Aset BMN Tanah dan Bangunan yang digunakan untuk Ruang Kerja IKAL tersebut belum termasuk dalam daftar Pemanfaatan BMN dan belum pernah diajukan penetapan tarifnya ke Menteri Keuangan,355677754 
786,2022,64,6,Permasalahan lainnya terkait PNBP,Hasil pengukuran dan perhitungan ulang atas 23 Objek PNBP atas Pemanfaatan Aset BMN berupa Tanah dan Bangunan di lingkungan Lemhannas RI menunjukkan terdapat selisih luas area Objek PNBP,83603055 
787,2022,65,6,Permasalahan lainnya terkait PNBP,Terdapat penerimaan dari sewa gedung/bangunan untuk pemasangan BTS yang dilakukan pemindahan lokasi namun belum dimintakan persetujuan,0 
788,2022,84,6,Permasalahan lainnya terkait PNBP,"Perbedaan pengakuan iuran tahunan antara Dit. AL dan Dit. ALIS, Dit. AL melakukan tagihan iuran tahunan ke-2-5 pada saat Survailen sedangkan Dit. ALIS melakukan tagihan iuran tahunan setiap tahun.",0 
789,2022,84,6,Permasalahan lainnya terkait PNBP,Pendapatan Akreditasi-Iuran Tahunan untuk Dit. AL belum dilakukan asersi pisah batas atas iuran tahunan yang dibayarkan oleh Wajib Bayar untuk tahun ke-2 dan ke-3 serta Tahun ke 4 dan 5.,0 
790,2022,87,6,Permasalahan lainnya terkait PNBP,"Persetujuan atas Sewa Gedung Gajahmada terlambat diajukan kepada Pengelola Barang, sehingga dasar dan tarif sewa TA 2022 belum ada dan terdapat pemanfaatan BMN (Ruang D.5.6) belum dipungut sewa.",0 
791,2022,112,6,Permasalahan lainnya terkait PNBP,BP Batam dan PT BIB belum mengatur mekanisme pengelolaan pendapatan Air SPAM. Biaya Perawatan dan tanggung jawab penyediaan air dilakukan oleh BP Batam tapi pemungutan pendapatan oleh PT BIB,0 
792,2022,112,6,Permasalahan lainnya terkait PNBP,a) Pelaksanaan Pelayanan Izin Titik Reklame Belum Didukung Dengan Peraturan Terbaru; dan b) Titik Koordinat Lokasi Reklame yang Ditawarkan pada Aplikasi BSW Tidak Akurat,0 
793,2022,112,6,Permasalahan lainnya terkait PNBP,"- BP Batam Belum Memiliki Data Seluruh Tanah Telantar di Wilayah Kerja BP Batam
- Terdapat Potensi Pendapatan UWT Atas Alokasi Tanah Jatuh Tempo s.d. Tahun 2022 Sebesar Rp369.328.840.854,95",0 
794,2022,117,6,Permasalahan lainnya terkait PNBP,penyusunan anggaran pendapatan yang akan dicantumkan dalam PNBP tidak dilakukan dengan cermat,0 
795,2022,2,6,Permasalahan lainnya terkait PNBP,"Kurang saji saldo belanja dibayar di muka (dalam Kebijakan Akuntansi Pemerintah Pusat, beban dibayar di muka masuk dalam klasifikasi Piutang)",0 
796,2022,2,6,Permasalahan lainnya terkait PNBP,Kurang saji Piutang Bukan Pajak,0 
797,2022,6,6,Permasalahan lainnya terkait PNBP,Pencatatan piutang tidak didukung dokumen sumber,15150000 
798,2022,6,6,Permasalahan lainnya terkait PNBP,Upaya pemulihan kerugian negara atas piutang Uang Pengganti belum ditindaklanjuti dengan upaya pencaraian harta benda terpidana (asset tracing) secara optimal,6666864398 
799,2022,6,6,Permasalahan lainnya terkait PNBP,Piutang belum seluruhnya dicatat dalam LK,14575535772 
800,2022,6,6,Permasalahan lainnya terkait PNBP,Upaya pemulihan kerugian negara atas piutang Uang Pengganti belum ditindaklanjuti dengan upaya pencaraian harta benda terpidana (asset tracing) secara optimal,2606769385 
801,2022,6,6,Permasalahan lainnya terkait PNBP,Piutang diindikasikan lebih catat,368743000 
802,2022,6,6,Permasalahan lainnya terkait PNBP,Piutang belum seluruhnya dicatat dalam LK,208752000 
803,2022,6,6,Permasalahan lainnya terkait PNBP,Pencatatan piutang tidak didukung dokumen sumber,945455530 
804,2022,6,6,Permasalahan lainnya terkait PNBP,Upaya pemulihan kerugian negara atas piutang Uang Pengganti belum ditindaklanjuti dengan upaya pencarian harta benda terpidana (asset tracing) secara optimal,27821507417 
805,2022,6,6,Permasalahan lainnya terkait PNBP,Piutang diindikasikan lebih catat,12381477126 
806,2022,6,6,Permasalahan lainnya terkait PNBP,Piutang belum seluruhnya dicatat dalam LK,200000000 
807,2022,6,6,Permasalahan lainnya terkait PNBP,Pencatatan piutang tidak didukung dokumen sumber,327750954 
808,2022,6,6,Permasalahan lainnya terkait PNBP,Upaya pemulihan kerugian negara atas piutang Uang Pengganti belum ditindaklanjuti dengan upaya pencarian harta benda terpidana (asset tracing) secara optimal,25621576402 
809,2022,6,6,Permasalahan lainnya terkait PNBP,Piutang diindikasikan lebih catat,7090491424 
810,2022,6,6,Permasalahan lainnya terkait PNBP,Piutang belum seluruhnya dicatat dalam LK,5520884410 
811,2022,6,6,Permasalahan lainnya terkait PNBP,Pencatatan piutang tidak didukung dokumen sumber,16000000 
812,2022,6,6,Permasalahan lainnya terkait PNBP,Upaya pemulihan kerugian negara atas piutang Uang Pengganti belum ditindaklanjuti dengan upaya pencarian harta benda terpidana (asset tracing) secara optimal,2830000000000 
813,2022,6,6,Permasalahan lainnya terkait PNBP,Piutang diindikasikan lebih catat,163000000000 
814,2022,6,6,Permasalahan lainnya terkait PNBP,Piutang diindikasi lebih catat,2267500000 
815,2022,10,6,Permasalahan lainnya terkait PNBP,Pencatatan piutang tidak didukung dokumen sumber,0 
816,2022,10,6,Permasalahan lainnya terkait PNBP,Penagihan dan Penyelesaian Piutang PNBP Biaya Pendidikan Belum Optimal,0 
817,2022,18,6,Permasalahan lainnya terkait PNBP,Potensi kerugian negara atas piutang dari jaminan UM dan jaminan pelaksanaan yang tidak dapat dicairkan,4768329000 
818,2022,19,6,Permasalahan lainnya terkait PNBP,Pencatatan piutang tidak didukung dokumen sumber,0 
819,2022,20,6,Permasalahan lainnya terkait PNBP,"Penyampaian lima Surat Tagih pertama sebesar Rp1.010.564.460,00 belum disertai bukti tanda terima dari debitur",0 
820,2022,20,6,Permasalahan lainnya terkait PNBP,Penerbitan Surat Tagih Tekmira belum tertib,0 
821,2022,20,6,Permasalahan lainnya terkait PNBP,"Piutang macet sebesar Rp639.075.300,00 belum diserahkan ke PUPN",0 
822,2022,20,6,Permasalahan lainnya terkait PNBP,Belum ada pedoman pengelolaan Piutang BLU,0 
823,2022,20,6,Permasalahan lainnya terkait PNBP,Penyisihan piutang tidak sesuai ketentuan,947829213 
824,2022,20,6,Permasalahan lainnya terkait PNBP,Pengakuan piutang tidak selaras dengan pengakuan utang debitur,0 
825,2022,20,6,Permasalahan lainnya terkait PNBP,Surat Penagihan Piutang tidak pernah dibuat,0 
826,2022,20,6,Permasalahan lainnya terkait PNBP,BBSP KEBTKE belum menyusun Pedoman Pengelolaan Piutang BLU,0 
827,2022,20,6,Permasalahan lainnya terkait PNBP,Penyisihan Piutang tidak sesuai ketentuan,12162654 
828,2022,20,6,Permasalahan lainnya terkait PNBP,"Piutang Macet sebesar Rp158.775.000,00 belum diserahkan kepada PUPN",0 
829,2022,20,6,Permasalahan lainnya terkait PNBP,Surat Penagihan Piutang tidak disampaikan kepada Debitur,0 
830,2022,20,6,Permasalahan lainnya terkait PNBP,Pedoman pengelolaan Piutang belum sesuai ketentuan,265000000 
831,2022,20,6,Permasalahan lainnya terkait PNBP,Penagihan Piutang Signature Bonus berlarut-larut,0 
832,2022,20,6,Permasalahan lainnya terkait PNBP,Ketidaktertiban penerbitan surat tagih dan penyerahan piutang macet ke PUPN,0 
833,2022,20,6,Permasalahan lainnya terkait PNBP,Piutang belum dicatat pada LK,154000000 
834,2022,20,6,Permasalahan lainnya terkait PNBP,Penyajian Piutang Valas belum memadai,2515073135 
835,2022,20,6,Permasalahan lainnya terkait PNBP,Penagihan piutang tidak optimal,0 
836,2022,20,6,Permasalahan lainnya terkait PNBP,Piutang macet belum diserahkan ke PUPN,0 
837,2022,20,6,Permasalahan lainnya terkait PNBP,Potensi pengenaan denda keterlambatan pembayaran Piutang belum dikenakan,0 
838,2022,20,6,Permasalahan lainnya terkait PNBP,Kualifikasi Piutang sebagai dasar perhitungan Penyisihan Piutang belum tepat sehingga nilai penyisihan belum tepat,76132797 
839,2022,20,6,Permasalahan lainnya terkait PNBP,Pedoman terkait pengelolaan Piutang di BBPMGB Lemigas tidak sesuai dengan ketentuan,0 
840,2022,20,6,Permasalahan lainnya terkait PNBP,Penyampaian surat tagih belum disertai bukti penerimaan atau berita acara dari debitur,0 
841,2022,20,6,Permasalahan lainnya terkait PNBP,Terdapat lima kontrak dengan jatuh tempo pembayaran berbeda dengan invoice,0 
842,2022,23,6,Permasalahan lainnya terkait PNBP,Piutang Macet,5583671500 
843,2022,23,6,Permasalahan lainnya terkait PNBP,Penyisihan piutang tidak sesuai ketentuan,0 
844,2022,23,6,Permasalahan lainnya terkait PNBP,Pencatatan piutang tidak didukung dokumen sumber,74397913950 
845,2022,24,6,Permasalahan lainnya terkait PNBP,Pencatatan Denda Keterlambatan atas PKS pelayanan operasoinal dan non operasional tidak tertib,0 
846,2022,24,6,Permasalahan lainnya terkait PNBP,Pengelolaan Piutang Bukan Pajak Macet belum sepenuhnya memadai,0 
847,2022,24,6,Permasalahan lainnya terkait PNBP,Pencatatan piutang tidak didukung dokumen sumber,0 
848,2022,24,6,Permasalahan lainnya terkait PNBP,Pencatatan piutang tidak didukung dokumen sumber,0 
849,2022,24,6,Permasalahan lainnya terkait PNBP,Pencatatan piutang tidak didukung dokumen sumber,0 
850,2022,29,6,Permasalahan lainnya terkait PNBP,Belum Melakukan Inventarisasi Piutang Untuk Dilakukan Penagihan,0 
851,2022,29,6,Permasalahan lainnya terkait PNBP,Verifikasi atas kewajiban wajib bayar PPKH tidak terstandar dan belum menyeluruh.,0 
852,2022,32,6,Permasalahan lainnya terkait PNBP,Perhitungan penyisihan piutang jasa layanan belum tepat.,0 
853,2022,33,6,Permasalahan lainnya terkait PNBP,Piutang PNBP dan Pendapatan yang Masih Harus Diterima Berpotensi Tidak Tertagih,2992685334 
854,2022,33,6,Permasalahan lainnya terkait PNBP,Penyisihan piutang tidak sesuai ketentuan,0 
855,2022,33,6,Permasalahan lainnya terkait PNBP,"Penggolongan Piutang Belum Sesuai
Ketentuan",0 
856,2022,33,6,Permasalahan lainnya terkait PNBP,Kurang Saji Pencatatan Piutang,0 
857,2022,33,6,Permasalahan lainnya terkait PNBP,Penyisihan piutang tidak sesuai ketentuan,0 
858,2022,44,6,Permasalahan lainnya terkait PNBP,Penyisihan piutang tidak sesuai ketentuan,0 
859,2022,74,6,Permasalahan lainnya terkait PNBP,SKTJM sebagai dasar pencatatan Bagian Lancar Tagihan TP/TGR dan Piutang Tagihan TP/TGR tidak sesuai ketentuan,0 
860,2022,85,6,Permasalahan lainnya terkait PNBP,SKTJM sebagai dasar pencatatan Bagian Lancar Tagihan TP/TGR dan Piutang Tagihan TP/TGR tidak sesuai ketentuan,37049 
861,2022,89,6,Permasalahan lainnya terkait PNBP,Pencatatan Pendapatan YMHD kurang saji di Neraca per 31 Desember 2022,0 
862,2022,108,6,Permasalahan lainnya terkait PNBP,Piutang PNBP Berpotensi Tidak Dapat Tertagih sebesar Rp41.938.694.665,0 
863,2022,108,6,Permasalahan lainnya terkait PNBP,Terdapat Kesalahan Penginputan Kualitas Piutang pada Aplikasi SAKTI sebesar Rp38.489.485.359,0 
864,2022,112,6,Permasalahan lainnya terkait PNBP,Penyajian piutang tidak didukung dokumen yang memadai,0 
865,2022,117,6,Permasalahan lainnya terkait PNBP,Penyajian piutang tidak didukung dokumen yang memadai,13122502746 
866,2022,124,6,Permasalahan lainnya terkait PNBP,Penyajian Belanja Dibayar Di Muka berlarut-larut,37500000 
867,2022,124,6,Permasalahan lainnya terkait PNBP,Pengelolaan Piutang Belum Sesuai Ketentuan,290329111 
